"","species","genus","family","species.relative","genus.relative","status"
"1","Antigonon_leptopus","Antigonon","Polygonaceae","","","prune"
"2","Tillandsia_dasyliriifolia","Tillandsia","Bromeliaceae","","","prune"
"3","Bignonia_binata","Bignonia","Bignoniaceae","","","prune"
"4","Morinda_citrifolia","Morinda","Rubiaceae","","","prune"
"5","Tephrosia_noctiflora","Tephrosia","Fabaceae","","","bind"
"6","Erythrina_corallodendron","Erythrina","Fabaceae","","","bind"
"7","Inga_fastuosa","Inga","Fabaceae","","","bind"
"8","Erythrina_poeppigiana","Erythrina","Fabaceae","","","bind"
"9","Castilleja_scorzonerifolia","Castilleja","Orobanchaceae","","","prune"
"10","Phaseolus_coccineus","Phaseolus","Fabaceae","","","prune"
"11","Erythrina_speciosa","Erythrina","Fabaceae","","","prune"
"12","Spathodea_campanulata","Spathodea","Bignoniaceae","","","bind"
"13","Eucalyptus_globulus","Eucalyptus","Myrtaceae","","","prune"
"14","Psychotria_bahiensis","Psychotria","Rubiaceae","","","bind"
"15","Syzygium_malaccense","Syzygium","Myrtaceae","","","prune"
"16","Crocosmia_crocosmiiflora","Crocosmia","Iridaceae","","","bind"
"17","Marcgravia_myriostigma","Marcgravia","Marcgraviaceae","","","bind"
"18","Dombeya_wallichii","Dombeya","Malvaceae","","","bind"
"19","Phormium_tenax","Phormium","Asphodelaceae","","","prune"
"20","Musa_balbisiana","Musa","Musaceae","","","bind"
"21","Jacaranda_mimosifolia","Jacaranda","Bignoniaceae","","","prune"
"22","Campsis_grandiflora","Campsis","Bignoniaceae","","","prune"
"23","Melaleuca_glauca","Melaleuca","Myrtaceae","","","bind"
"24","Melaleuca_leucadendra","Melaleuca","Myrtaceae","","","prune"
"25","Streptosolen_jamesonii","Streptosolen","Solanaceae","","","prune"
"26","Tamarindus_Indica","Tamarindus","Fabaceae","","","bind"
"27","Pithecellobium_dulce","Pithecellobium","Fabaceae","","","prune"
"28","Heliconia_rostrata","Heliconia","Heliconiaceae","","","prune"
"29","Coleus_scutellarioides","Coleus","Lamiaceae","","","bind"
"30","Etlingera_elatior","Etlingera","Zingiberaceae","","","prune"
"31","Asystasia_gangetica","Asystasia","Acanthaceae","","","prune"
"32","Allamanda_cathartica","Allamanda","Apocynaceae","","","prune"
"33","Persea_americana","Persea","Lauraceae","","","prune"
"34","Aloe_vera","Aloe","Asphodelaceae","","","prune"
"35","Anacardium_occidentale","Anacardium","Anacardiaceae","","","prune"
"36","Russelia_equisetiformis","Russelia","Plantaginaceae","","","prune"
"37","Impatiens_walleriana","Impatiens","Balsaminaceae","","","prune"
"38","Leonotis_nepetifolia","Leonotis","Lamiaceae","","","bind"
"39","Syzygium_jambos","Syzygium","Myrtaceae","","","prune"
"40","Musa_velutina","Musa","Musaceae","","","bind"
"41","Samanea_saman","Samanea","Fabaceae","","","bind"
"42","Hibiscus_rosa-sinensis","Hibiscus","Malvaceae","","","prune"
"43","Lantana_camara","Lantana","Verbenaceae","","","prune"
"44","Nicotiana_glauca","Nicotiana","Solanaceae","","","prune"
"45","Hedychium_coronarium","Hedychium","Zingiberaceae","","","prune"
"46","Musa_ornata","Musa","Musaceae","","","bind"
"47","Rubus_rosifolius","Rubus","Rosaceae","","","prune"
"48","Amasonia_campestris","Amasonia","Lamiaceae","","","bind"
"49","Psittacanthus_lasianthus","Psittacanthus","Loranthaceae","","","bind"
"50","Hippeastrum_aviflorum","Hippeastrum","Amaryllidaceae","","","bind"
"51","Dunalia_brachyacantha","Dunalia","Solanaceae","","","prune"
"52","Amphilophium_elongatum","Amphilophium","Bignoniaceae","","","bind"
"53","Varronia_bullata","Varronia","Boraginaceae","","","prune"
"54","Pachystachys_coccinea","Pachystachys","Acanthaceae","","","prune"
"55","Dicliptera_squarrosa","Dicliptera","Acanthaceae","","","bind"
"56","Inga_vera","Inga","Fabaceae","","","prune"
"57","Delphinium_barbeyi","Delphinium","Ranunculaceae","","","prune"
"58","Aquilegia_formosa","Aquilegia","Ranunculaceae","","","prune"
"59","Penstemon_labrosus","Penstemon","Plantaginaceae","","","prune"
"60","Guazuma_ulmifolia","Guazuma","Malvaceae","","","prune"
"61","Lysiloma_latisiliquum","Lysiloma","Fabaceae","","","bind"
"62","Tabernaemontana_alba","Tabernaemontana","Apocynaceae","","","prune"
"63","Volkameria_aculeata","Volkameria","Lamiaceae","","","prune"
"64","Cirsium_ehrenbergii","Cirsium","Asteraceae","","","prune"
"65","Cuphea_aequipetala","Cuphea","Lythraceae","","","bind"
"66","Cuphea_procumbens","Cuphea","Lythraceae","","","bind"
"67","Lamourouxia_dasyantha","Lamourouxia","Orobanchaceae","","","bind"
"68","Salvia_chamaedryoides","Salvia","Lamiaceae","","","prune"
"69","Salvia_prunelloides","Salvia","Lamiaceae","","","prune"
"70","Salvia_xalapensis","Salvia","Lamiaceae","","","bind"
"71","Scutellaria_caerulea","Scutellaria","Lamiaceae","","","bind"
"72","Stachys_coccinea","Stachys","Lamiaceae","","","bind"
"73","Ceiba_aesculifolia","Ceiba","Malvaceae","","","prune"
"74","Combretum_farinosum","Combretum","Combretaceae","","","prune"
"75","Cordia_seleriana","Cordia","Boraginaceae","","","bind"
"76","Erythrina_lanata","Erythrina","Fabaceae","","","bind"
"77","Hamelia_rostrata","Hamelia","Rubiaceae","","","bind"
"78","Ipomoea_bracteata","Ipomoea","Convolvulaceae","","","bind"
"79","Opuntia_excelsa","Opuntia","Cactaceae","","","prune"
"80","Opuntia_karwinskiana","Opuntia","Cactaceae","","","bind"
"81","Tillandsia_bartramii","Tillandsia","Bromeliaceae","","","bind"
"82","Tillandsia_paucifolia","Tillandsia","Bromeliaceae","","","prune"
"83","Lobelia_cardinalis","Lobelia","Campanulaceae","","","prune"
"84","Psittacanthus_schiedeanus","Psittacanthus","Loranthaceae","","","prune"
"85","Tillandsia_multicaulis","Tillandsia","Bromeliaceae","","","prune"
"86","Cirsium_nivale","Cirsium","Asteraceae","","","bind"
"87","Echeveria_gibbiflora","Echeveria","Crassulaceae","","","prune"
"88","Prunella_vulgaris","Prunella","Lamiaceae","","","prune"
"89","Salvia_mocinoi","Salvia","Lamiaceae","","","prune"
"90","Aechmea_paniculigera","Aechmea","Bromeliaceae","","","bind"
"91","Dendropanax_arboreus","Dendropanax","Araliaceae","","","prune"
"92","Cestrum_macrophyllum","Cestrum","Solanaceae","","","prune"
"93","Guzmania_berteroniana","Guzmania","Bromeliaceae","","","bind"
"94","Miconia_sintenisii","Miconia","Melastomataceae","","","bind"
"95","Palicourea_berteroana","Palicourea","Rubiaceae","","","bind"
"96","Renealmia_alpinia","Renealmia","Zingiberaceae","","","prune"
"97","Rhodopis_volubilis","Rhodopis","Fabaceae","","","bind"
"98","Schlegelia_brachyantha","Schlegelia","Schlegeliaceae","","","bind"
"99","Urena_lobata","Urena","Malvaceae","","","prune"
"100","Consolea_rubescens","Consolea","Cactaceae","","","prune"
"101","Besleria_petiolaris","Besleria","Gesneriaceae","","","bind"
"102","Clusia_mangle","Clusia","Clusiaceae","","","bind"
"103","Lobelia_stricta","Lobelia","Campanulaceae","","","bind"
"104","Manettia_dominicensis","Manettia","Rubiaceae","","","bind"
"105","Citharexylum_spinosum","Citharexylum","Verbenaceae","","","prune"
"106","Erithalis_fruticosa","Erithalis","Rubiaceae","","","prune"
"107","Lonchocarpus_benthamianus","Lonchocarpus","Fabaceae","","","prune"
"108","Palicourea_violacea","Palicourea","Rubiaceae","","","bind"
"109","Aechmea_aquilega","Aechmea","Bromeliaceae","","","prune"
"110","Aechmea_dichlamydea","Aechmea","Bromeliaceae","","","bind"
"111","Aegiphila_perplexa","Aegiphila","Lamiaceae","","","bind"
"112","Calliandra_guildingii","Calliandra","Fabaceae","","","bind"
"113","Clathrotropis_brachypetala","Clathrotropis","Fabaceae","","","bind"
"114","Cordia_bicolor","Cordia","Boraginaceae","","","prune"
"115","Cuspidaria_inaequalis","Cuspidaria","Bignoniaceae","","","bind"
"116","Dolichandra_unguis-cati","Dolichandra","Bignoniaceae","","","prune"
"117","Helia_alata","Helia","Gentianaceae","","","bind"
"118","Ischnosiphon_arouma","Ischnosiphon","Marantaceae","","","bind"
"119","Isertia_parviflora","Isertia","Rubiaceae","","","prune"
"120","Norantea_guianensis","Norantea","Marcgraviaceae","","","prune"
"121","Palicourea_muscosa","Palicourea","Rubiaceae","","","bind"
"122","Psychotria_pedunculosa","Psychotria","Rubiaceae","","","bind"
"123","Ryania_speciosa","Ryania","Salicaceae","","","prune"
"124","Tabebuia_stenocalyx","Tabebuia","Bignoniaceae","","","bind"
"125","Tabernaemontana_cymosa","Tabernaemontana","Apocynaceae","","","prune"
"126","Tillandsia_fasciculata","Tillandsia","Bromeliaceae","","","prune"
"127","Varronia_curassavica","Varronia","Boraginaceae","","","bind"
"128","Vitex_divaricata","Vitex","Lamiaceae","","","bind"
"129","Aechmea_mariae-reginae","Aechmea","Bromeliaceae","","","prune"
"130","Aphelandra_storkii","Aphelandra","Acanthaceae","","","bind"
"131","Besleria_columneoides","Besleria","Gesneriaceae","","","bind"
"132","Goeppertia_gymnocarpa","Goeppertia","Marantaceae","","","bind"
"133","Goeppertia_inocephala","Goeppertia","Marantaceae","","","bind"
"134","Heliconia_imbricata","Heliconia","Heliconiaceae","","","prune"
"135","Heliconia_mariae","Heliconia","Heliconiaceae","","","bind"
"136","Heliconia_mathiasiae","Heliconia","Heliconiaceae","","","bind"
"137","Heliconia_pogonantha","Heliconia","Heliconiaceae","","","prune"
"138","Heliconia_wagneriana","Heliconia","Heliconiaceae","","","bind"
"139","Pentagonia_donnell-smithii","Pentagonia","Rubiaceae","","","bind"
"140","Schlegelia_fastigiata","Schlegelia","Schlegeliaceae","","","bind"
"141","Besleria_notabilis","Besleria","Gesneriaceae","","","prune"
"142","Calathea_lasiostachya","Calathea","Marantaceae","","","prune"
"143","Cavendishia_callista","Cavendishia","Ericaceae","","","bind"
"144","Cavendishia_complectens","Cavendishia","Ericaceae","","","prune"
"145","Cavendishia_quereme","Cavendishia","Ericaceae","","","prune"
"146","Centropogon_granulosus","Centropogon","Campanulaceae","","","bind"
"147","Columnea_purpurata","Columnea","Gesneriaceae","","","prune"
"148","Columnea_querceti","Columnea","Gesneriaceae","","","bind"
"149","Costus_curvibracteatus","Costus","Costaceae","","","prune"
"150","Drymonia_conchocalyx","Drymonia","Gesneriaceae","","","bind"
"151","Faramea_eurycarpa","Faramea","Rubiaceae","","","bind"
"152","Gurania_bignoniacea","Gurania","Cucurbitaceae","","","prune"
"153","Guzmania_nicaraguensis","Guzmania","Bromeliaceae","","","prune"
"154","Heliconia_atropurpurea","Heliconia","Heliconiaceae","","","bind"
"155","Heliconia_vaginalis","Heliconia","Heliconiaceae","","","prune"
"156","Hillia_triflora","Hillia","Rubiaceae","","","prune"
"157","Palicourea_gomezii","Palicourea","Rubiaceae","","","bind"
"158","Pitcairnia_brittoniana","Pitcairnia","Bromeliaceae","","","bind"
"159","Psammisia_ramiflora","Psammisia","Ericaceae","","","prune"
"160","Satyria_meiantha","Satyria","Ericaceae","","","prune"
"161","Thibaudia_costaricensis","Thibaudia","Ericaceae","","","prune"
"162","Bomarea_hirsuta","Bomarea","Alstroemeriaceae","","","prune"
"163","Burmeistera_parviflora","Burmeistera","Campanulaceae","","","bind"
"164","Columnea_magnifica","Columnea","Gesneriaceae","","","bind"
"165","Columnea_microcalyx","Columnea","Gesneriaceae","","","bind"
"166","Disterigma_humboldtii","Disterigma","Ericaceae","","","prune"
"167","Gaultheria_gracilis","Gaultheria","Ericaceae","","","prune"
"168","Gonocalyx_pterocarpus","Gonocalyx","Ericaceae","","","bind"
"169","Heliconia_lankesteri","Heliconia","Heliconiaceae","","","bind"
"170","Hoffmannia_arborescens","Hoffmannia","Rubiaceae","","","bind"
"171","Kohleria_tigridia","Kohleria","Gesneriaceae","","","prune"
"172","Malvaviscus_palmanus","Malvaviscus","Malvaceae","","","bind"
"173","Neomirandea_eximia","Neomirandea","Asteraceae","","","bind"
"174","Vaccinium_poasanum","Vaccinium","Ericaceae","","","prune"
"175","Tropaeolum_moritzianum","Tropaeolum","Tropaeolaceae","","","bind"
"176","Bomarea_costaricensis","Bomarea","Alstroemeriaceae","","","bind"
"177","Calliandra_purdiei","Calliandra","Fabaceae","","","bind"
"178","Mandevilla_mollissima","Mandevilla","Apocynaceae","","","bind"
"179","Psammisia_penduliflora","Psammisia","Ericaceae","","","bind"
"180","Burmeistera_pennellii","Burmeistera","Campanulaceae","","","bind"
"181","Cavendishia_guatapeensis","Cavendishia","Ericaceae","","","bind"
"182","Chalybea_minor","Chalybea","Melastomataceae","","","bind"
"183","Elleanthus_smithii","Elleanthus","Orchidaceae","","","bind"
"184","Palicourea_vagans","Palicourea","Rubiaceae","","","bind"
"185","Psammisia_falcata","Psammisia","Ericaceae","","","bind"
"186","Thibaudia_rigidiflora","Thibaudia","Ericaceae","","","bind"
"187","Tillandsia_turneri","Tillandsia","Bromeliaceae","","","bind"
"188","Handroanthus_chrysanthus","Handroanthus","Bignoniaceae","","","prune"
"189","Castilleja_fissifolia","Castilleja","Orobanchaceae","","","bind"
"190","Cuphea_dipetala","Cuphea","Lythraceae","","","bind"
"191","Manettia_coccocypseloides","Manettia","Rubiaceae","","","bind"
"192","Palicourea_anacardiifolia","Palicourea","Rubiaceae","","","bind"
"193","Palicourea_aschersonianoides","Palicourea","Rubiaceae","","","bind"
"194","Siphocampylus_bogotensis","Siphocampylus","Campanulaceae","","","bind"
"195","Symbolanthus_anomalus","Symbolanthus","Gentianaceae","","","bind"
"196","Centropogon_latisepalus","Centropogon","Campanulaceae","","","bind"
"197","Erythrina_rubrinervia","Erythrina","Fabaceae","","","bind"
"198","Trichanthera_gigantea","Trichanthera","Acanthaceae","","","bind"
"199","Burmeistera_ceratocarpa","Burmeistera","Campanulaceae","","","bind"
"200","Burmeistera_killipii","Burmeistera","Campanulaceae","","","bind"
"201","Disterigma_alaternoides","Disterigma","Ericaceae","","","prune"
"202","Disterigma_cryptocalyx","Disterigma","Ericaceae","","","prune"
"203","Gaultheria_foliolosa","Gaultheria","Ericaceae","","","prune"
"204","Guzmania_andreana","Guzmania","Bromeliaceae","","","bind"
"205","Guzmania_gracilior","Guzmania","Bromeliaceae","","","bind"
"206","Miconia_micayana","Miconia","Melastomataceae","","","bind"
"207","Miconia_stipularis","Miconia","Melastomataceae","","","bind"
"208","Pitcairnia_exserta","Pitcairnia","Bromeliaceae","","","bind"
"209","Psammisia_columbiensis","Psammisia","Ericaceae","","","bind"
"210","Anthopterus_oliganthus","Anthopterus","Ericaceae","","","bind"
"211","Clusia_coremandra","Clusia","Clusiaceae","","","bind"
"212","Disterigma_noyesiae","Disterigma","Ericaceae","","","prune"
"213","Palicourea_killipii","Palicourea","Rubiaceae","","","bind"
"214","Psammisia_dolichopoda","Psammisia","Ericaceae","","","prune"
"215","Themistoclesia_dependens","Themistoclesia","Ericaceae","","","bind"
"216","Barnadesia_spinosa","Barnadesia","Asteraceae","","","prune"
"217","Bomarea_linifolia","Bomarea","Alstroemeriaceae","","","prune"
"218","Brachyotum_ledifolium","Brachyotum","Melastomataceae","","","prune"
"219","Brachyotum_lindenii","Brachyotum","Melastomataceae","","","prune"
"220","Disterigma_codonanthum","Disterigma","Ericaceae","","","prune"
"221","Fuchsia_corollata","Fuchsia","Onagraceae","","","bind"
"222","Gaultheria_myrsinoides","Gaultheria","Ericaceae","","","prune"
"223","Guzmania_bakeri","Guzmania","Bromeliaceae","","","bind"
"224","Guzmania_candelabrum","Guzmania","Bromeliaceae","","","bind"
"225","Puya_clava-herculis","Puya","Bromeliaceae","","","bind"
"226","Racinaea_tetrantha","Racinaea","Bromeliaceae","","","bind"
"227","Siphocampylus_giganteus","Siphocampylus","Campanulaceae","","","bind"
"228","Siphocampylus_paramicola","Siphocampylus","Campanulaceae","","","bind"
"229","Tillandsia_orbicularis","Tillandsia","Bromeliaceae","","","bind"
"230","Aechmea_chantinii","Aechmea","Bromeliaceae","","","prune"
"231","Aechmea_corymbosa","Aechmea","Bromeliaceae","","","bind"
"232","Aechmea_rubiginosa","Aechmea","Bromeliaceae","","","bind"
"233","Aphelandra_macrostachya","Aphelandra","Acanthaceae","","","bind"
"234","Billbergia_decora","Billbergia","Bromeliaceae","","","prune"
"235","Columnea_ericae","Columnea","Gesneriaceae","","","bind"
"236","Decagonocarpus_cornutus","Decagonocarpus","Rutaceae","","","bind"
"237","Ferdinandusa_sprucei","Ferdinandusa","Rubiaceae","","","bind"
"238","Goeppertia_zingiberina","Goeppertia","Marantaceae","","","bind"
"239","Goudaea_chrysostachys","Goudaea","Bromeliaceae","","","bind"
"240","Gurania_rufipila","Gurania","Cucurbitaceae","","","bind"
"241","Heliconia_acuminata","Heliconia","Heliconiaceae","","","prune"
"242","Ischnosiphon_lasiocoleus","Ischnosiphon","Marantaceae","","","bind"
"243","Isertia_hypoleuca","Isertia","Rubiaceae","","","prune"
"244","Isertia_rosea","Isertia","Rubiaceae","","","bind"
"245","Justicia_cuatrecasasii","Justicia","Acanthaceae","","","bind"
"246","Markea_coccinea","Markea","Solanaceae","","","prune"
"247","Monotagma_secundum","Monotagma","Marantaceae","","","prune"
"248","Nematanthus_savannarum","Nematanthus","Gesneriaceae","","","bind"
"249","Palicourea_dichotoma","Palicourea","Rubiaceae","","","bind"
"250","Palicourea_nigricans","Palicourea","Rubiaceae","","","bind"
"251","Palicourea_quadrifolia","Palicourea","Rubiaceae","","","bind"
"252","Palicourea_subspicata","Palicourea","Rubiaceae","","","bind"
"253","Passiflora_skiantha","Passiflora","Passifloraceae","","","bind"
"254","Passiflora_vitifolia","Passiflora","Passifloraceae","","","prune"
"255","Paypayrola_hulkiana","Paypayrola","Violaceae","","","bind"
"256","Pitcairnia_sprucei","Pitcairnia","Bromeliaceae","","","prune"
"257","Retiniphyllum_speciosum","Retiniphyllum","Rubiaceae","","","bind"
"258","Ryania_pyrifera","Ryania","Salicaceae","","","bind"
"259","Satyria_panurensis","Satyria","Ericaceae","","","prune"
"260","Tabernaemontana_macrocalyx","Tabernaemontana","Apocynaceae","","","prune"
"261","Tachia_occidentalis","Tachia","Gentianaceae","","","bind"
"262","Zygia_lathetica","Zygia","Fabaceae","","","prune"
"263","Glossoloma_bolivianum","Glossoloma","Gesneriaceae","","","prune"
"264","Macleania_recumbens","Macleania","Ericaceae","","","bind"
"265","Palicourea_anderssoniana","Palicourea","Rubiaceae","","","bind"
"266","Palicourea_sodiroi","Palicourea","Rubiaceae","","","bind"
"267","Psammisia_oreogenes","Psammisia","Ericaceae","","","prune"
"268","Verbesina_latisquama","Verbesina","Asteraceae","","","bind"
"269","Columnea_peruviana","Columnea","Gesneriaceae","","","bind"
"270","Miconia_denticulata","Miconia","Melastomataceae","","","prune"
"271","Chuquiraga_jussieui","Chuquiraga","Asteraceae","","","prune"
"272","Gaultheria_tomentosa","Gaultheria","Ericaceae","","","prune"
"273","Aechmea_williamsii","Aechmea","Bromeliaceae","","","bind"
"274","Combretum_llewelynii","Combretum","Combretaceae","","","bind"
"275","Genipa_americana","Genipa","Rubiaceae","","","prune"
"276","Goeppertia_capitata","Goeppertia","Marantaceae","","","bind"
"277","Gurania_rhizantha","Gurania","Cucurbitaceae","","","bind"
"278","Heliconia_juruana","Heliconia","Heliconiaceae","","","bind"
"279","Heliconia_schumanniana","Heliconia","Heliconiaceae","","","bind"
"280","Inga_laevigata","Inga","Fabaceae","","","bind"
"281","Matisia_lasiocalyx","Matisia","Malvaceae","","","bind"
"282","Palicourea_fastigiata","Palicourea","Rubiaceae","","","bind"
"283","Palicourea_lasiantha","Palicourea","Rubiaceae","","","bind"
"284","Passiflora_involucrata","Passiflora","Passifloraceae","","","bind"
"285","Passiflora_quadriglandulosa","Passiflora","Passifloraceae","","","prune"
"286","Passiflora_spinosa","Passiflora","Passifloraceae","","","bind"
"287","Psittacanthus_cucullaris","Psittacanthus","Loranthaceae","","","bind"
"288","Sanchezia_munita","Sanchezia","Acanthaceae","","","bind"
"289","Sanchezia_putumayensis","Sanchezia","Acanthaceae","","","bind"
"290","Tachigali_paniculata","Tachigali","Fabaceae","","","prune"
"291","Allamanda_blanchetii","Allamanda","Apocynaceae","","","bind"
"292","Anadenanthera_colubrina","Anadenanthera","Fabaceae","","","prune"
"293","Bauhinia_cheilantha","Bauhinia","Fabaceae","","","bind"
"294","Ceiba_glaziovii","Ceiba","Malvaceae","","","bind"
"295","Cenostigma_pyramidale","Cenostigma","Fabaceae","","","bind"
"296","Chresta_pacourinoides","Chresta","Asteraceae","","","prune"
"297","Cissus_verticillata","Cissus","Vitaceae","","","prune"
"298","Clematicissus_pruinata","Clematicissus","Vitaceae","","","bind"
"299","Cnidoscolus_halteris","Cnidoscolus","Euphorbiaceae","","","bind"
"300","Cnidoscolus_pubescens","Cnidoscolus","Euphorbiaceae","","","bind"
"301","Conocliniopsis_grossedentata","Conocliniopsis","Asteraceae","","","bind"
"302","Croton_blanchetianus","Croton","Euphorbiaceae","","","bind"
"303","Encholirium_spectabile","Encholirium","Bromeliaceae","","","bind"
"304","Hohenbergia_catingae","Hohenbergia","Bromeliaceae","","","prune"
"305","Jatropha_mollissima","Jatropha","Euphorbiaceae","","","bind"
"306","Macropsychanthus_grandiflorus","Macropsychanthus","Fabaceae","","","bind"
"307","Melocactus_zehntneri","Melocactus","Cactaceae","","","prune"
"308","Mesosphaerum_pectinatum","Mesosphaerum","Lamiaceae","","","bind"
"309","Oxalis_psoraleoides","Oxalis","Oxalidaceae","","","bind"
"310","Plumbago_zeylanica","Plumbago","Plumbaginaceae","","","prune"
"311","Ruellia_asperula","Ruellia","Acanthaceae","","","prune"
"312","Staelia_galioides","Staelia","Rubiaceae","","","prune"
"313","Tacinga_palmadora","Tacinga","Cactaceae","","","prune"
"314","Waltheria_rotundifolia","Waltheria","Malvaceae","","","bind"
"315","Xiquexique_gounellei","Xiquexique","Cactaceae","","","bind"
"316","Apodanthera_villosa","Apodanthera","Cucurbitaceae","","","bind"
"317","Encholirium_brachypodum","Encholirium","Bromeliaceae","","","bind"
"318","Eplingiella_cuniloides","Eplingiella","Lamiaceae","","","bind"
"319","Eriope_latifolia","Eriope","Lamiaceae","","","prune"
"320","Handroanthus_selachidentatus","Handroanthus","Bignoniaceae","","","bind"
"321","Jatropha_mutabilis","Jatropha","Euphorbiaceae","","","bind"
"322","Lessingianthus_linearis","Lessingianthus","Asteraceae","","","prune"
"323","Ligaria_teretiflora","Ligaria","Loranthaceae","","","bind"
"324","Melocactus_ernestii","Melocactus","Cactaceae","","","bind"
"325","Melocactus_pruinosus","Melocactus","Cactaceae","","","bind"
"326","Micranthocereus_flaviflorus","Micranthocereus","Cactaceae","","","bind"
"327","Mysanthus_uleanus","Mysanthus","Fabaceae","","","bind"
"328","Neoglaziovia_variegata","Neoglaziovia","Bromeliaceae","","","prune"
"329","Nephradenia_asparagoides","Nephradenia","Apocynaceae","","","prune"
"330","Passiflora_luetzelburgii","Passiflora","Passifloraceae","","","bind"
"331","Pilosocereus_pachycladus","Pilosocereus","Cactaceae","","","prune"
"332","Serjania_caracasana","Serjania","Sapindaceae","","","bind"
"333","Tacinga_werneri","Tacinga","Cactaceae","","","bind"
"334","Tripodanthus_acutifolius","Tripodanthus","Loranthaceae","","","bind"
"335","Ananas_comosus","Ananas","Bromeliaceae","","","prune"
"336","Heliconia_metallica","Heliconia","Heliconiaceae","","","bind"
"337","Aniseia_martinicensis","Aniseia","Convolvulaceae","","","prune"
"338","Barbacenia_blanchetii","Barbacenia","Velloziaceae","","","bind"
"339","Blepharodon_pictum","Blepharodon","Apocynaceae","","","prune"
"340","Calliandra_hygrophila","Calliandra","Fabaceae","","","prune"
"341","Calliandra_mucugeana","Calliandra","Fabaceae","","","bind"
"342","Calliandra_viscidula","Calliandra","Fabaceae","","","prune"
"343","Cattleya_elongata","Cattleya","Orchidaceae","","","prune"
"344","Clusia_melchiorii","Clusia","Clusiaceae","","","prune"
"345","Ditassa_retusa","Ditassa","Apocynaceae","","","prune"
"346","Humiria_balsamifera","Humiria","Humiriaceae","","","prune"
"347","Jacaranda_irwinii","Jacaranda","Bignoniaceae","","","bind"
"348","Lepidaploa_cotoneaster","Lepidaploa","Asteraceae","","","bind"
"349","Manihot_jacobinensis","Manihot","Euphorbiaceae","","","bind"
"350","Manihot_reniformis","Manihot","Euphorbiaceae","","","bind"
"351","Micranthocereus_purpureus","Micranthocereus","Cactaceae","","","bind"
"352","Pavonia_luetzelburgii","Pavonia","Malvaceae","","","bind"
"353","Pseudostifftia_kingii","Pseudostifftia","Asteraceae","","","prune"
"354","Sincoraea_albopicta","Sincoraea","Bromeliaceae","","","bind"
"355","Siphocampylus_imbricatus","Siphocampylus","Campanulaceae","","","bind"
"356","Spigelia_pulchella","Spigelia","Loganiaceae","","","bind"
"357","Stachytarpheta_crassifolia","Stachytarpheta","Verbenaceae","","","bind"
"358","Stipecoma_peltigera","Stipecoma","Apocynaceae","","","prune"
"359","Vochysia_pyramidalis","Vochysia","Vochysiaceae","","","bind"
"360","Waltheria_cinerescens","Waltheria","Malvaceae","","","bind"
"361","Alstroemeria_rupestris","Alstroemeria","Alstroemeriaceae","","","prune"
"362","Anisacanthus_brasiliensis","Anisacanthus","Acanthaceae","","","prune"
"363","Augusta_longifolia","Augusta","Rubiaceae","","","prune"
"364","Bauhinia_longifolia","Bauhinia","Fabaceae","","","bind"
"365","Cordia_superba","Cordia","Boraginaceae","","","prune"
"366","Cuspidaria_simplicifolia","Cuspidaria","Bignoniaceae","","","bind"
"367","Dasyphyllum_candolleanum","Dasyphyllum","Asteraceae","","","prune"
"368","Helicteres_eichleri","Helicteres","Malvaceae","","","bind"
"369","Hyptis_leptostachys","Hyptis","Lamiaceae","","","prune"
"370","Lafoensia_glyptocarpa","Lafoensia","Lythraceae","","","bind"
"371","Mandevilla_scabra","Mandevilla","Apocynaceae","","","prune"
"372","Nissolia_subulata","Nissolia","Fabaceae","","","bind"
"373","Orthophytum_lemei","Orthophytum","Bromeliaceae","","","bind"
"374","Passiflora_edmundoi","Passiflora","Passifloraceae","","","prune"
"375","Periandra_coccinea","Periandra","Fabaceae","","","prune"
"376","Serjania_coradinii","Serjania","Sapindaceae","","","bind"
"377","Stachytarpheta_quadrangula","Stachytarpheta","Verbenaceae","","","bind"
"378","Calliandra_sessilis","Calliandra","Fabaceae","","","bind"
"379","Calliandra_sincorana","Calliandra","Fabaceae","","","bind"
"380","Dyckia_dissitiflora","Dyckia","Bromeliaceae","","","prune"
"381","Lychnophora_rosmarinifolia","Lychnophora","Asteraceae","","","bind"
"382","Lychnophora_salicifolia","Lychnophora","Asteraceae","","","prune"
"383","Sida_cordifolia","Sida","Malvaceae","","","prune"
"384","Baccharis_salicifolia","Baccharis","Asteraceae","","","bind"
"385","Barnadesia_horrida","Barnadesia","Asteraceae","","","bind"
"386","Brachyotum_nutans","Brachyotum","Melastomataceae","","","bind"
"387","Gynoxys_longifolia","Gynoxys","Asteraceae","","","bind"
"388","Myrcianthes_oreophila","Myrcianthes","Myrtaceae","","","bind"
"389","Puya_ferruginea","Puya","Bromeliaceae","","","prune"
"390","Aechmea_miniata","Aechmea","Bromeliaceae","","","prune"
"391","Aphelandra_nitida","Aphelandra","Acanthaceae","","","bind"
"392","Goeppertia_crocata","Goeppertia","Marantaceae","","","bind"
"393","Gurania_acuminata","Gurania","Cucurbitaceae","","","prune"
"394","Heliconia_richardiana","Heliconia","Heliconiaceae","","","prune"
"395","Hohenbergia_capitata","Hohenbergia","Bromeliaceae","","","bind"
"396","Lymania_brachycaulis","Lymania","Bromeliaceae","","","bind"
"397","Nematanthus_corticola","Nematanthus","Gesneriaceae","","","prune"
"398","Ruellia_affinis","Ruellia","Acanthaceae","","","bind"
"399","Wittmackia_viridostigma","Wittmackia","Bromeliaceae","","","bind"
"400","Besleria_rotundifolia","Besleria","Gesneriaceae","","","bind"
"401","Justicia_tenuistachys","Justicia","Acanthaceae","","","bind"
"402","Passiflora_coccinea","Passiflora","Passifloraceae","","","prune"
"403","Ruellia_inflata","Ruellia","Acanthaceae","","","bind"
"404","Erythrochiton_fallax","Erythrochiton","Rutaceae","","","bind"
"405","Heliconia_subulata","Heliconia","Heliconiaceae","","","bind"
"406","Suessenguthia_multisetosa","Suessenguthia","Acanthaceae","","","prune"
"407","Adenocalymma_campicola","Adenocalymma","Bignoniaceae","","","bind"
"408","Palicourea_coriacea","Palicourea","Rubiaceae","","","bind"
"409","Cestrum_schlechtendalii","Cestrum","Solanaceae","","","bind"
"410","Coussarea_hydrangeifolia","Coussarea","Rubiaceae","","","prune"
"411","Helicteres_sacarolha","Helicteres","Malvaceae","","","bind"
"412","Stachytarpheta_gesnerioides","Stachytarpheta","Verbenaceae","","","bind"
"413","Acritopappus_longifolius","Acritopappus","Asteraceae","","","bind"
"414","Aechmea_lamarchei","Aechmea","Bromeliaceae","","","prune"
"415","Barbacenia_gentianoides","Barbacenia","Velloziaceae","","","bind"
"416","Barbacenia_luzulifolia","Barbacenia","Velloziaceae","","","bind"
"417","Calolisianthus_pendulus","Calolisianthus","Gentianaceae","","","bind"
"418","Chronopappus_bifrons","Chronopappus","Asteraceae","","","prune"
"419","Eremanthus_crotonoides","Eremanthus","Asteraceae","","","prune"
"420","Erythroxylum_vaccinifolium","Erythroxylum","Erythroxylaceae","","","bind"
"421","Gaylussacia_montana","Gaylussacia","Ericaceae","","","bind"
"422","Gaylussacia_oleifolia","Gaylussacia","Ericaceae","","","bind"
"423","Gordonia_fruticosa","Gordonia","Theaceae","","","prune"
"424","Hippeastrum_cipoanum","Hippeastrum","Amaryllidaceae","","","bind"
"425","Hololepis_pedunculata","Hololepis","Asteraceae","","","prune"
"426","Lessingianthus_roseus","Lessingianthus","Asteraceae","","","bind"
"427","Myrcia_lasiantha","Myrcia","Myrtaceae","","","bind"
"428","Nematanthus_strigillosus","Nematanthus","Gesneriaceae","","","prune"
"429","Palicourea_sessilis","Palicourea","Rubiaceae","","","bind"
"430","Pilosocereus_aurisetus","Pilosocereus","Cactaceae","","","bind"
"431","Piptolepis_leptospermoides","Piptolepis","Asteraceae","","","bind"
"432","Siphocampylus_fimbriatus","Siphocampylus","Campanulaceae","","","bind"
"433","Stachytarpheta_mexiae","Stachytarpheta","Verbenaceae","","","bind"
"434","Trixis_vauthieri","Trixis","Asteraceae","","","bind"
"435","Vellozia_epidendroides","Vellozia","Velloziaceae","","","prune"
"436","Vernonanthura_phosphorica","Vernonanthura","Asteraceae","","","bind"
"437","Vochysia_emarginata","Vochysia","Vochysiaceae","","","bind"
"438","Vriesea_medusa","Vriesea","Bromeliaceae","","","bind"
"439","Centrosema_brasilianum","Centrosema","Fabaceae","","","bind"
"440","Cordia_glabrata","Cordia","Boraginaceae","","","prune"
"441","Helicteres_guazumifolia","Helicteres","Malvaceae","","","prune"
"442","Hippeastrum_puniceum","Hippeastrum","Amaryllidaceae","","","prune"
"443","Sabicea_aspera","Sabicea","Rubiaceae","","","prune"
"444","Barbacenia_williamsii","Barbacenia","Velloziaceae","","","bind"
"445","Centrosema_coriaceum","Centrosema","Fabaceae","","","bind"
"446","Pavonia_viscosa","Pavonia","Malvaceae","","","bind"
"447","Sinningia_rupicola","Sinningia","Gesneriaceae","","","prune"
"448","Distimake_macrocalyx","Distimake","Convolvulaceae","","","bind"
"449","Fridericia_florida","Fridericia","Bignoniaceae","","","bind"
"450","Fridericia_triplinervia","Fridericia","Bignoniaceae","","","bind"
"451","Handroanthus_heptaphyllus","Handroanthus","Bignoniaceae","","","bind"
"452","Jacaratia_spinosa","Jacaratia","Caricaceae","","","prune"
"453","Psiguria_ternata","Psiguria","Cucurbitaceae","","","prune"
"454","Serjania_altissima","Serjania","Sapindaceae","","","bind"
"455","Bromelia_karatas","Bromelia","Bromeliaceae","","","prune"
"456","Eriotheca_pubescens","Eriotheca","Malvaceae","","","prune"
"457","Luehea_paniculata","Luehea","Malvaceae","","","bind"
"458","Serjania_ovalifolia","Serjania","Sapindaceae","","","bind"
"459","Simarouba_versicolor","Simarouba","Simaroubaceae","","","prune"
"460","Verbena_hirta","Verbena","Verbenaceae","","","bind"
"461","Mandevilla_guanabarica","Mandevilla","Apocynaceae","","","bind"
"462","Melocactus_violaceus","Melocactus","Cactaceae","","","bind"
"463","Neoregelia_cruenta","Neoregelia","Bromeliaceae","","","prune"
"464","Quesnelia_quesneliana","Quesnelia","Bromeliaceae","","","prune"
"465","Vriesea_neoglutinosa","Vriesea","Bromeliaceae","","","bind"
"466","Callianthe_bedfordiana","Callianthe","Malvaceae","","","bind"
"467","Justicia_sebastianopolitanae","Justicia","Acanthaceae","","","bind"
"468","Manettia_mitis","Manettia","Rubiaceae","","","bind"
"469","Nematanthus_crassifolius","Nematanthus","Gesneriaceae","","","prune"
"470","Nematanthus_lanceolatus","Nematanthus","Gesneriaceae","","","prune"
"471","Nidularium_itatiaiae","Nidularium","Bromeliaceae","","","bind"
"472","Odontonema_barlerioides","Odontonema","Acanthaceae","","","bind"
"473","Palicourea_rudgeoides","Palicourea","Rubiaceae","","","bind"
"474","Pitcairnia_flammea","Pitcairnia","Bromeliaceae","","","prune"
"475","Psittacanthus_brasiliensis","Psittacanthus","Loranthaceae","","","bind"
"476","Quesnelia_augusto-coburgii","Quesnelia","Bromeliaceae","","","bind"
"477","Sinningia_gigantifolia","Sinningia","Gesneriaceae","","","prune"
"478","Staurogyne_itatiaiae","Staurogyne","Acanthaceae","","","bind"
"479","Stromanthe_thalia","Stromanthe","Marantaceae","","","prune"
"480","Vellosiella_dracocephaloides","Vellosiella","Orobanchaceae","","","bind"
"481","Vriesea_longicaulis","Vriesea","Bromeliaceae","","","prune"
"482","Callianthe_regnellii","Callianthe","Malvaceae","","","bind"
"483","Cestrum_corymbosum","Cestrum","Solanaceae","","","bind"
"484","Manettia_pubescens","Manettia","Rubiaceae","","","bind"
"485","Salvia_arenaria","Salvia","Lamiaceae","","","bind"
"486","Siphocampylus_westinianus","Siphocampylus","Campanulaceae","","","bind"
"487","Vriesea_sceptrum","Vriesea","Bromeliaceae","","","bind"
"488","Aechmea_gamosepala","Aechmea","Bromeliaceae","","","prune"
"489","Aphelandra_colorata","Aphelandra","Acanthaceae","","","bind"
"490","Edmundoa_perplexa","Edmundoa","Bromeliaceae","","","bind"
"491","Inga_sessilis","Inga","Fabaceae","","","bind"
"492","Macrocarpaea_rubra","Macrocarpaea","Gentianaceae","","","bind"
"493","Nematanthus_maculatus","Nematanthus","Gesneriaceae","","","prune"
"494","Nidularium_longiflorum","Nidularium","Bromeliaceae","","","bind"
"495","Nidularium_rutilans","Nidularium","Bromeliaceae","","","bind"
"496","Psychotria_leiocarpa","Psychotria","Rubiaceae","","","bind"
"497","Sinningia_glazioviana","Sinningia","Gesneriaceae","","","prune"
"498","Siphocampylus_convolvulaceus","Siphocampylus","Campanulaceae","","","bind"
"499","Siphocampylus_lauroanus","Siphocampylus","Campanulaceae","","","bind"
"500","Tillandsia_dura","Tillandsia","Bromeliaceae","","","bind"
"501","Vriesea_inflata","Vriesea","Bromeliaceae","","","bind"
"502","Vriesea_simplex","Vriesea","Bromeliaceae","","","bind"
"503","Wittrockia_superba","Wittrockia","Bromeliaceae","","","bind"
"504","Ruellia_elegans","Ruellia","Acanthaceae","","","prune"
"505","Nidularium_angustifolium","Nidularium","Bromeliaceae","","","bind"
"506","Sanchezia_oblonga","Sanchezia","Acanthaceae","","","bind"
"507","Couepia_schottii","Couepia","Chrysobalanaceae","","","bind"
"508","Hydrochorea_pedicellaris","Hydrochorea","Fabaceae","","","bind"
"509","Jacaranda_puberula","Jacaranda","Bignoniaceae","","","bind"
"510","Jacquemontia_sphaerostigma","Jacquemontia","Convolvulaceae","","","prune"
"511","Jupunba_brachystachya","Jupunba","Fabaceae","","","bind"
"512","Lantana_nivea","Lantana","Verbenaceae","","","bind"
"513","Lundia_corymbifera","Lundia","Bignoniaceae","","","prune"
"514","Maranta_furcata","Maranta","Marantaceae","","","bind"
"515","Tabebuia_cassinoides","Tabebuia","Bignoniaceae","","","bind"
"516","Varronia_multispicata","Varronia","Boraginaceae","","","bind"
"517","Alstroemeria_isabelleana","Alstroemeria","Alstroemeriaceae","","","bind"
"518","Mandevilla_funiformis","Mandevilla","Apocynaceae","","","prune"
"519","Marcgravia_polyantha","Marcgravia","Marcgraviaceae","","","bind"
"520","Piptocarpha_notata","Piptocarpha","Asteraceae","","","bind"
"521","Vriesea_jonghei","Vriesea","Bromeliaceae","","","prune"
"522","Wittrockia_gigantea","Wittrockia","Bromeliaceae","","","bind"
"523","Aechmea_ornata","Aechmea","Bromeliaceae","","","prune"
"524","Canistropsis_billbergioides","Canistropsis","Bromeliaceae","","","bind"
"525","Citharexylum_myrianthum","Citharexylum","Verbenaceae","","","bind"
"526","Dyssochroma_viridiflorum","Dyssochroma","Solanaceae","","","bind"
"527","Elleanthus_brasiliensis","Elleanthus","Orchidaceae","","","bind"
"528","Goeppertia_communis","Goeppertia","Marantaceae","","","bind"
"529","Hillia_illustris","Hillia","Rubiaceae","","","prune"
"530","Nematanthus_striatus","Nematanthus","Gesneriaceae","","","bind"
"531","Nidularium_krisgreeniae","Nidularium","Bromeliaceae","","","prune"
"532","Vriesea_platynema","Vriesea","Bromeliaceae","","","prune"
"533","Nidularium_antoineanum","Nidularium","Bromeliaceae","","","bind"
"534","Pachira_calophylla","Pachira","Malvaceae","","","bind"
"535","Pseudobombax_grandiflorum","Pseudobombax","Malvaceae","","","prune"
"536","Psychotria_carthagenensis","Psychotria","Rubiaceae","","","prune"
"537","Quesnelia_testudo","Quesnelia","Bromeliaceae","","","bind"
"538","Handroanthus_umbellatus","Handroanthus","Bignoniaceae","","","bind"
"539","Manettia_luteorubra","Manettia","Rubiaceae","","","bind"
"540","Nematanthus_tessmannii","Nematanthus","Gesneriaceae","","","prune"
"541","Aechmea_recurvata","Aechmea","Bromeliaceae","","","prune"
"542","Calliandra_selloi","Calliandra","Fabaceae","","","bind"
"543","Calliandra_tweediei","Calliandra","Fabaceae","","","bind"
"544","Erythrina_crista-galli","Erythrina","Fabaceae","","","prune"
"545","Luehea_divaricata","Luehea","Malvaceae","","","bind"
"546","Tillandsia_aeranthos","Tillandsia","Bromeliaceae","","","prune"
"547","Tropaeolum_pentaphyllum","Tropaeolum","Tropaeolaceae","","","bind"
"548","Besleria_aggregata","Besleria","Gesneriaceae","","","prune"
"549","Besleria_amabilis","Besleria","Gesneriaceae","","","bind"
"550","Goeppertia_standleyi","Goeppertia","Marantaceae","","","bind"
"551","Heliconia_orthotricha","Heliconia","Heliconiaceae","","","bind"
"552","Hippotis_brevipes","Hippotis","Rubiaceae","","","prune"
"553","Aetanthus_nodosus","Aetanthus","Loranthaceae","","","prune"
"554","Alloplectus_hispidus","Alloplectus","Gesneriaceae","","","bind"
"555","Bomarea_distichifolia","Bomarea","Alstroemeriaceae","","","prune"
"556","Brachyotum_andreanum","Brachyotum","Melastomataceae","","","bind"
"557","Centropogon_comosus","Centropogon","Campanulaceae","","","bind"
"558","Centropogon_erythraeus","Centropogon","Campanulaceae","","","bind"
"559","Ceratostema_loranthiflorum","Ceratostema","Ericaceae","","","bind"
"560","Disterigma_pentandrum","Disterigma","Ericaceae","","","prune"
"561","Markea_longiflora","Markea","Solanaceae","","","bind"
"562","Palicourea_azurea","Palicourea","Rubiaceae","","","bind"
"563","Palicourea_lyristipula","Palicourea","Rubiaceae","","","bind"
"564","Palicourea_weberbaueri","Palicourea","Rubiaceae","","","bind"
"565","Drymonia_urceolata","Drymonia","Gesneriaceae","","","bind"
"566","Macleania_floribunda","Macleania","Ericaceae","","","prune"
"567","Orthaea_abbreviata","Orthaea","Ericaceae","","","prune"
"568","Palicourea_luteonivea","Palicourea","Rubiaceae","","","bind"
"569","Palicourea_stenosepala","Palicourea","Rubiaceae","","","bind"
"570","Palicourea_canarina","Palicourea","Rubiaceae","","","bind"
"571","Siphocampylus_scandens","Siphocampylus","Campanulaceae","","","bind"
"572","Bomarea_brevis","Bomarea","Alstroemeriaceae","","","prune"
"573","Bomarea_setacea","Bomarea","Alstroemeriaceae","","","prune"
"574","Brachyotum_lutescens","Brachyotum","Melastomataceae","","","bind"
"575","Brachyotum_naudinii","Brachyotum","Melastomataceae","","","bind"
"576","Centropogon_isabellinus","Centropogon","Campanulaceae","","","bind"
"577","Fuchsia_decussata","Fuchsia","Onagraceae","","","bind"
"578","Gaultheria_bracteata","Gaultheria","Ericaceae","","","prune"
"579","Gentianella_fruticulosa","Gentianella","Gentianaceae","","","bind"
"580","Gentianella_violacea","Gentianella","Gentianaceae","","","bind"
"581","Greigia_macbrideana","Greigia","Bromeliaceae","","","bind"
"582","Meriania_radula","Meriania","Melastomataceae","","","bind"
"583","Miconia_alpina","Miconia","Melastomataceae","","","bind"
"584","Monnina_salicifolia","Monnina","Polygalaceae","","","prune"
"585","Pellegrinia_hirsuta","Pellegrinia","Ericaceae","","","prune"
"586","Puya_pseudoeryngioides","Puya","Bromeliaceae","","","bind"
"587","Ribes_incarnatum","Ribes","Grossulariaceae","","","prune"
"588","Saracha_punctata","Saracha","Solanaceae","","","prune"
"589","Tropaeolum_bicolor","Tropaeolum","Tropaeolaceae","","","bind"
"590","Agave_salmiana","Agave","Asparagaceae","","","prune"
"591","Erythrina_americana","Erythrina","Fabaceae","","","bind"
"592","Glossoloma_purpureum","Glossoloma","Gesneriaceae","","","bind"
"593","Heliconia_virginalis","Heliconia","Heliconiaceae","","","bind"
"594","Salvia_quitensis","Salvia","Lamiaceae","","","bind"
"595","Centropogon_preslii","Centropogon","Campanulaceae","","","bind"
"596","Drymonia_brochidodroma","Drymonia","Gesneriaceae","","","bind"
"597","Drymonia_collegarum","Drymonia","Gesneriaceae","","","bind"
"598","Gasteranthus_lateralis","Gasteranthus","Gesneriaceae","","","prune"
"599","Glossoloma_oblongicalyx","Glossoloma","Gesneriaceae","","","bind"
"600","Macleania_bullata","Macleania","Ericaceae","","","prune"
"601","Macleania_stricta","Macleania","Ericaceae","","","bind"
"602","Palicourea_lineata","Palicourea","Rubiaceae","","","bind"
"603","Pitcairnia_sodiroi","Pitcairnia","Bromeliaceae","","","bind"
"604","Besleria_riparia","Besleria","Gesneriaceae","","","bind"
"605","Bomarea_patinii","Bomarea","Alstroemeriaceae","","","prune"
"606","Cavendishia_nitida","Cavendishia","Ericaceae","","","bind"
"607","Centropogon_curvatus","Centropogon","Campanulaceae","","","bind"
"608","Centropogon_ferrugineus","Centropogon","Campanulaceae","","","bind"
"609","Fuchsia_venusta","Fuchsia","Onagraceae","","","bind"
"610","Gasteranthus_calcaratus","Gasteranthus","Gesneriaceae","","","bind"
"611","Glossoloma_baguense","Glossoloma","Gesneriaceae","","","bind"
"612","Glossoloma_ichthyoderma","Glossoloma","Gesneriaceae","","","bind"
"613","Glossoloma_schultzei","Glossoloma","Gesneriaceae","","","bind"
"614","Guzmania_multiflora","Guzmania","Bromeliaceae","","","prune"
"615","Iochroma_gesnerioides","Iochroma","Solanaceae","","","prune"
"616","Kohleria_trianae","Kohleria","Gesneriaceae","","","prune"
"617","Kohleria_warszewiczii","Kohleria","Gesneriaceae","","","prune"
"618","Palicourea_ovalis","Palicourea","Rubiaceae","","","bind"
"619","Reldia_grandiflora","Reldia","Gesneriaceae","","","bind"
"620","Salvia_scutellarioides","Salvia","Lamiaceae","","","prune"
"621","Stenostephanus_sanguineus","Stenostephanus","Acanthaceae","","","bind"
"622","Thibaudia_floribunda","Thibaudia","Ericaceae","","","prune"
"623","Tillandsia_tequendamae","Tillandsia","Bromeliaceae","","","bind"
"624","Dimerocostus_strobilaceus","Dimerocostus","Costaceae","","","prune"
"625","Heliconia_episcopalis","Heliconia","Heliconiaceae","","","bind"
"626","Heliconia_mutisiana","Heliconia","Heliconiaceae","","","bind"
"627","Inga_sapindoides","Inga","Fabaceae","","","prune"
"628","Stromanthe_jacquinii","Stromanthe","Marantaceae","","","prune"
"629","Aechmea_phanerophlebia","Aechmea","Bromeliaceae","","","prune"
"630","Aspilia_foliosa","Aspilia","Asteraceae","","","bind"
"631","Barbacenia_gardneri","Barbacenia","Velloziaceae","","","prune"
"632","Barbacenia_longiflora","Barbacenia","Velloziaceae","","","bind"
"633","Calolisianthus_pedunculatus","Calolisianthus","Gentianaceae","","","bind"
"634","Cuphea_diosmifolia","Cuphea","Lythraceae","","","bind"
"635","Cuphea_disperma","Cuphea","Lythraceae","","","bind"
"636","Caamembeca_oleifolia","Caamembeca","Polygalaceae","","","bind"
"637","Declieuxia_fruticosa","Declieuxia","Rubiaceae","","","prune"
"638","Esterhazya_nanuzae","Esterhazya","Orobanchaceae","","","bind"
"639","Hyptis_passerina","Hyptis","Lamiaceae","","","prune"
"640","Lepidaploa_lilacina","Lepidaploa","Asteraceae","","","bind"
"641","Lepidaploa_rufogrisea","Lepidaploa","Asteraceae","","","prune"
"642","Lychnophora_pohlii","Lychnophora","Asteraceae","","","bind"
"643","Lychnophora_tomentosa","Lychnophora","Asteraceae","","","prune"
"644","Mandevilla_pycnantha","Mandevilla","Apocynaceae","","","prune"
"645","Mimosa_aurivillus","Mimosa","Fabaceae","","","bind"
"646","Minasia_scapigera","Minasia","Asteraceae","","","prune"
"647","Oocephalus_petraeus","Oocephalus","Lamiaceae","","","bind"
"648","Paralychnophora_bicolor","Paralychnophora","Asteraceae","","","bind"
"649","Pavonia_schwackei","Pavonia","Malvaceae","","","bind"
"650","Physocalyx_major","Physocalyx","Orobanchaceae","","","bind"
"651","Piptolepis_imbricata","Piptolepis","Asteraceae","","","bind"
"652","Proteopsis_argentea","Proteopsis","Asteraceae","","","prune"
"653","Ruellia_densa","Ruellia","Acanthaceae","","","prune"
"654","Schwartzia_adamantium","Schwartzia","Marcgraviaceae","","","bind"
"655","Tapanhuacanga_laricoides","Tapanhuacanga","Rubiaceae","","","bind"
"656","Vellozia_hirsuta","Vellozia","Velloziaceae","","","prune"
"657","Vochysia_discolor","Vochysia","Vochysiaceae","","","bind"
"658","Billbergia_porteana","Billbergia","Bromeliaceae","","","prune"
"659","Casearia_sylvestris","Casearia","Salicaceae","","","prune"
"660","Fridericia_craterophora","Fridericia","Bignoniaceae","","","bind"
"661","Inga_uraguensis","Inga","Fabaceae","","","bind"
"662","Jacaranda_caroba","Jacaranda","Bignoniaceae","","","bind"
"663","Luehea_grandiflora","Luehea","Malvaceae","","","bind"
"664","Mabea_fistulifera","Mabea","Euphorbiaceae","","","bind"
"665","Serjania_lethalis","Serjania","Sapindaceae","","","bind"
"666","Styrax_camporum","Styrax","Styracaceae","","","prune"
"667","Cordia_alliodora","Cordia","Boraginaceae","","","prune"
"668","Critonia_morifolia","Critonia","Asteraceae","","","bind"
"669","Diphysa_floribunda","Diphysa","Fabaceae","","","prune"
"670","Lonchocarpus_guatemalensis","Lonchocarpus","Fabaceae","","","prune"
"671","Odontonema_glabrum","Odontonema","Acanthaceae","","","bind"
"672","Trema_micranthum","Trema","Cannabaceae","","","bind"
"673","Trichospermum_mexicanum","Trichospermum","Malvaceae","","","bind"
"674","Calliandra_magdalenae","Calliandra","Fabaceae","","","prune"
"675","Clethra_mexicana","Clethra","Clethraceae","","","prune"
"676","Cuphea_nitidula","Cuphea","Lythraceae","","","bind"
"677","Heliconia_collinsiana","Heliconia","Heliconiaceae","","","bind"
"678","Ipomoea_cholulensis","Ipomoea","Convolvulaceae","","","bind"
"679","Psittacanthus_rhynchanthus","Psittacanthus","Loranthaceae","","","prune"
"680","Psychotria_costivenia","Psychotria","Rubiaceae","","","bind"
"681","Rogiera_cordata","Rogiera","Rubiaceae","","","bind"
"682","Symplocos_longipes","Symplocos","Symplocaceae","","","prune"
"683","Triumfetta_speciosa","Triumfetta","Malvaceae","","","bind"
"684","Ardisia_nigrescens","Ardisia","Primulaceae","","","bind"
"685","Arpophyllum_giganteum","Arpophyllum","Orchidaceae","","","prune"
"686","Centropogon_grandidentatus","Centropogon","Campanulaceae","","","bind"
"687","Cestrum_aurantiacum","Cestrum","Solanaceae","","","bind"
"688","Epidendrum_radicans","Epidendrum","Orchidaceae","","","prune"
"689","Gaultheria_acuminata","Gaultheria","Ericaceae","","","prune"
"690","Hibiscus_uncinellus","Hibiscus","Malvaceae","","","bind"
"691","Pitcairnia_heterophylla","Pitcairnia","Bromeliaceae","","","prune"
"692","Salvia_urica","Salvia","Lamiaceae","","","bind"
"693","Solenophora_glomerata","Solenophora","Gesneriaceae","","","bind"
"694","Spathacanthus_parviflorus","Spathacanthus","Acanthaceae","","","prune"
"695","Stenostephanus_monolophus","Stenostephanus","Acanthaceae","","","bind"
"696","Styrax_glabrescens","Styrax","Styracaceae","","","prune"
"697","Tillandsia_ponderosa","Tillandsia","Bromeliaceae","","","bind"
"698","Chiranthodendron_pentadactylon","Chiranthodendron","Malvaceae","","","prune"
"699","Passiflora_membranacea","Passiflora","Passifloraceae","","","prune"
"700","Salvia_cinnabarina","Salvia","Lamiaceae","","","prune"
"701","Tillandsia_vicentina","Tillandsia","Bromeliaceae","","","bind"
"702","Canistrum_terminalis","Canistrum","Bromeliaceae","","","bind"
"703","Manettia_gracilis","Manettia","Rubiaceae","","","bind"
"704","Psychotria_nemorosa","Psychotria","Rubiaceae","","","bind"
"705","Quesnelia_marmorata","Quesnelia","Bromeliaceae","","","bind"
"706","Vriesea_scalaris","Vriesea","Bromeliaceae","","","prune"
"707","Edmundoa_ambigua","Edmundoa","Bromeliaceae","","","bind"
"708","Justicia_floribunda","Justicia","Acanthaceae","","","bind"
"709","Mutisia_campanulata","Mutisia","Asteraceae","","","prune"
"710","Nidularium_angustibracteatum","Nidularium","Bromeliaceae","","","prune"
"711","Salvia_balaustina","Salvia","Lamiaceae","","","bind"
"712","Pictetia_Aculeata","Pictetia","Fabaceae","","","bind"
"713","Randia_aculeata","Randia","Rubiaceae","","","prune"
"714","Vachellia_anegadensis","Vachellia","Fabaceae","","","bind"
"715","Lantana_trifolia","Lantana","Verbenaceae","","","prune"
"716","Tillandsia_variabilis","Tillandsia","Bromeliaceae","","","bind"
"717","Petrea_volubilis","Petrea","Verbenaceae","","","prune"
"718","Vachellia_macracantha","Vachellia","Fabaceae","","","prune"
"719","Calliandra_purpurea","Calliandra","Fabaceae","","","prune"
"720","Lippia_micromera","Lippia","Verbenaceae","","","prune"
"721","Marcgravia_umbellata","Marcgravia","Marcgraviaceae","","","bind"
"722","Pitcairnia_micotrinensis","Pitcairnia","Bromeliaceae","","","bind"
"723","Lobelia_persicifolia","Lobelia","Campanulaceae","","","bind"
"724","Miconia_corymbosa","Miconia","Melastomataceae","","","bind"
"725","Pitcairnia_angustifolia","Pitcairnia","Bromeliaceae","","","bind"
"726","Gesneria_ventricosa","Gesneria","Gesneriaceae","","","prune"
"727","Ipomoea_sphenophylla","Ipomoea","Convolvulaceae","","","bind"
"728","Guzmania_gloriosa","Guzmania","Bromeliaceae","","","bind"
"729","Salvia_melissodora","Salvia","Lamiaceae","","","bind"
"730","Castilleja_miniata","Castilleja","Orobanchaceae","","","prune"
"731","Psittacanthus_calyculatus","Psittacanthus","Loranthaceae","","","prune"
"732","Penstemon_roseus","Penstemon","Plantaginaceae","","","bind"
"733","Fuchsia_microphylla","Fuchsia","Onagraceae","","","bind"
"734","Penstemon_gentianoides","Penstemon","Plantaginaceae","","","prune"
"735","Schradera_exotica","Schradera","Rubiaceae","","","bind"
"736","Palicourea_crocea","Palicourea","Rubiaceae","","","prune"
"737","Tabebuia_heterophylla","Tabebuia","Bignoniaceae","","","prune"
"738","Melocactus_intortus","Melocactus","Cactaceae","","","prune"
"739","Pilosocereus_polygonus","Pilosocereus","Cactaceae","","","bind"
"740","Stachytarpheta_urticifolia","Stachytarpheta","Verbenaceae","","","bind"
"741","Heliconia_bihai","Heliconia","Heliconiaceae","","","prune"
"742","Psychotria_urbaniana","Psychotria","Rubiaceae","","","bind"
"743","Renealmia_pyramidalis","Renealmia","Zingiberaceae","","","bind"
"744","Vaccinium_racemosum","Vaccinium","Ericaceae","","","prune"
"745","Miconia_purpurea","Miconia","Melastomataceae","","","bind"
"746","Hyptis_atrorubens","Hyptis","Lamiaceae","","","prune"
"747","Tecoma_stans","Tecoma","Bignoniaceae","","","prune"
"748","Stachytarpheta_jamaicensis","Stachytarpheta","Verbenaceae","","","prune"
"749","Gonzalagunia_hirsuta","Gonzalagunia","Rubiaceae","","","bind"
"750","Miconia_grenadensis","Miconia","Melastomataceae","","","bind"
"751","Lobelia_cirsiifolia","Lobelia","Campanulaceae","","","bind"
"752","Centropogon_cornutus","Centropogon","Campanulaceae","","","bind"
"753","Costus_scaber","Costus","Costaceae","","","prune"
"754","Dianthera_secunda","Dianthera","Acanthaceae","","","bind"
"755","Guzmania_monostachia","Guzmania","Bromeliaceae","","","prune"
"756","Warszewiczia_coccinea","Warszewiczia","Rubiaceae","","","prune"
"757","Inga_ingoides","Inga","Fabaceae","","","bind"
"758","Symphonia_globulifera","Symphonia","Clusiaceae","","","prune"
"759","Erythrina_fusca","Erythrina","Fabaceae","","","bind"
"760","Gurania_lobata","Gurania","Cucurbitaceae","","","prune"
"761","Costus_spiralis","Costus","Costaceae","","","prune"
"762","Heliconia_hirsuta","Heliconia","Heliconiaceae","","","prune"
"763","Vriesea_procera","Vriesea","Bromeliaceae","","","prune"
"764","Mandevilla_hirsuta","Mandevilla","Apocynaceae","","","prune"
"765","Heliconia_psittacorum","Heliconia","Heliconiaceae","","","prune"
"766","Aechmea_nudicaulis","Aechmea","Bromeliaceae","","","prune"
"767","Palicourea_elata","Palicourea","Rubiaceae","","","bind"
"768","Costus_pulverulentus","Costus","Costaceae","","","prune"
"769","Renealmia_cernua","Renealmia","Zingiberaceae","","","prune"
"770","Heliconia_latispatha","Heliconia","Heliconiaceae","","","prune"
"771","Palicourea_tomentosa","Palicourea","Rubiaceae","","","bind"
"772","Calathea_lutea","Calathea","Marantaceae","","","prune"
"773","Werauhia_ororiensis","Werauhia","Bromeliaceae","","","bind"
"774","Cavendishia_bracteata","Cavendishia","Ericaceae","","","prune"
"775","Besleria_solanoides","Besleria","Gesneriaceae","","","bind"
"776","Elleanthus_aurantiacus","Elleanthus","Orchidaceae","","","prune"
"777","Centropogon_solanifolius","Centropogon","Campanulaceae","","","bind"
"778","Palicourea_lasiorrhachis","Palicourea","Rubiaceae","","","bind"
"779","Macrocarpaea_macrophylla","Macrocarpaea","Gentianaceae","","","bind"
"780","Castilleja_irasuensis","Castilleja","Orobanchaceae","","","bind"
"781","Centropogon_costaricae","Centropogon","Campanulaceae","","","bind"
"782","Centropogon_talamancensis","Centropogon","Campanulaceae","","","bind"
"783","Centropogon_valerii","Centropogon","Campanulaceae","","","bind"
"784","Fuchsia_splendens","Fuchsia","Onagraceae","","","bind"
"785","Salvia_carnea","Salvia","Lamiaceae","","","bind"
"786","Vaccinium_consanguineum","Vaccinium","Ericaceae","","","prune"
"787","Macleania_rupestris","Macleania","Ericaceae","","","prune"
"788","Cirsium_subcoriaceum","Cirsium","Asteraceae","","","bind"
"789","Gaultheria_erecta","Gaultheria","Ericaceae","","","prune"
"790","Gaiadendron_punctatum","Gaiadendron","Loranthaceae","","","bind"
"791","Cavendishia_pubescens","Cavendishia","Ericaceae","","","prune"
"792","Manettia_sabiceoides","Manettia","Rubiaceae","","","bind"
"793","Canna_indica","Canna","Cannaceae","","","prune"
"794","Bomarea_carderi","Bomarea","Alstroemeriaceae","","","bind"
"795","Palicourea_demissa","Palicourea","Rubiaceae","","","bind"
"796","Guzmania_squarrosa","Guzmania","Bromeliaceae","","","bind"
"797","Heliconia_griggsiana","Heliconia","Heliconiaceae","","","bind"
"798","Erythrina_edulis","Erythrina","Fabaceae","","","bind"
"799","Inga_densiflora","Inga","Fabaceae","","","bind"
"800","Passiflora_mixta","Passiflora","Passifloraceae","","","prune"
"801","Columnea_strigosa","Columnea","Gesneriaceae","","","bind"
"802","Palicourea_angustifolia","Palicourea","Rubiaceae","","","bind"
"803","Pentalinon_luteum","Pentalinon","Apocynaceae","","","prune"
"804","Turnera_ulmifolia","Turnera","Passifloraceae","","","prune"
"805","Columnea_dimidiata","Columnea","Gesneriaceae","","","bind"
"806","Heliconia_venusta","Heliconia","Heliconiaceae","","","bind"
"807","Kohleria_inaequalis","Kohleria","Gesneriaceae","","","bind"
"808","Kohleria_affinis","Kohleria","Gesneriaceae","","","prune"
"809","Palicourea_acetosoides","Palicourea","Rubiaceae","","","bind"
"810","Besleria_quadrangulata","Besleria","Gesneriaceae","","","bind"
"811","Cipuropsis_delicatula","Cipuropsis","Bromeliaceae","","","bind"
"812","Pitcairnia_lehmannii","Pitcairnia","Bromeliaceae","","","bind"
"813","Gaultheria_insipida","Gaultheria","Ericaceae","","","prune"
"814","Tillandsia_complanata","Tillandsia","Bromeliaceae","","","prune"
"815","Tristerix_longibracteatus","Tristerix","Loranthaceae","","","bind"
"816","Desfontainia_spinosa","Desfontainia","Columelliaceae","","","prune"
"817","Vaccinium_floribundum","Vaccinium","Ericaceae","","","prune"
"818","Bejaria_aestuans","Bejaria","Ericaceae","","","prune"
"819","Aechmea_contracta","Aechmea","Bromeliaceae","","","prune"
"820","Drymonia_semicordata","Drymonia","Gesneriaceae","","","bind"
"821","Bomarea_pardina","Bomarea","Alstroemeriaceae","","","prune"
"822","Cavendishia_tarapotana","Cavendishia","Ericaceae","","","prune"
"823","Renealmia_sessilifolia","Renealmia","Zingiberaceae","","","bind"
"824","Columnea_medicinalis","Columnea","Gesneriaceae","","","bind"
"825","Fuchsia_macrostigma","Fuchsia","Onagraceae","","","bind"
"826","Psammisia_ecuadorensis","Psammisia","Ericaceae","","","prune"
"827","Psammisia_sodiroi","Psammisia","Ericaceae","","","prune"
"828","Columnea_ciliata","Columnea","Gesneriaceae","","","bind"
"829","Guzmania_jaramilloi","Guzmania","Bromeliaceae","","","bind"
"830","Pitcairnia_nigra","Pitcairnia","Bromeliaceae","","","bind"
"831","Psammisia_aberrans","Psammisia","Ericaceae","","","prune"
"832","Psammisia_ulbrichiana","Psammisia","Ericaceae","","","prune"
"833","Kohleria_spicata","Kohleria","Gesneriaceae","","","prune"
"834","Heliconia_burleana","Heliconia","Heliconiaceae","","","bind"
"835","Malvaviscus_arboreus","Malvaviscus","Malvaceae","","","prune"
"836","Bomarea_glaucescens","Bomarea","Alstroemeriaceae","","","prune"
"837","Brugmansia_sanguinea","Brugmansia","Solanaceae","","","prune"
"838","Salvia_hirta","Salvia","Lamiaceae","","","bind"
"839","Barnadesia_arborea","Barnadesia","Asteraceae","","","bind"
"840","Fuchsia_vulcanica","Fuchsia","Onagraceae","","","bind"
"841","Salvia_corrugata","Salvia","Lamiaceae","","","prune"
"842","Saracha_quitensis","Saracha","Solanaceae","","","prune"
"843","Viola_arguta","Viola","Violaceae","","","prune"
"844","Berberis_lutea","Berberis","Berberidaceae","","","prune"
"845","Bomarea_multiflora","Bomarea","Alstroemeriaceae","","","prune"
"846","Mutisia_lehmannii","Mutisia","Asteraceae","","","bind"
"847","Vallea_stipularis","Vallea","Elaeocarpaceae","","","prune"
"848","Rubus_floribundus","Rubus","Rosaceae","","","bind"
"849","Oreocallis_grandiflora","Oreocallis","Proteaceae","","","prune"
"850","Heliconia_stricta","Heliconia","Heliconiaceae","","","prune"
"851","Cuphea_melvilla","Cuphea","Lythraceae","","","bind"
"852","Salvia_elegans","Salvia","Lamiaceae","","","prune"
"853","Tacinga_inamoena","Tacinga","Cactaceae","","","prune"
"854","Handroanthus_impetiginosus","Handroanthus","Bignoniaceae","","","prune"
"855","Melochia_tomentosa","Melochia","Malvaceae","","","bind"
"856","Hohenbergia_ridleyi","Hohenbergia","Bromeliaceae","","","prune"
"857","Bionia_coriacea","Bionia","Fabaceae","","","bind"
"858","Fridericia_erubescens","Fridericia","Bignoniaceae","","","bind"
"859","Helicteres_velutina","Helicteres","Malvaceae","","","bind"
"860","Psittacanthus_cordatus","Psittacanthus","Loranthaceae","","","prune"
"861","Manettia_cordifolia","Manettia","Rubiaceae","","","prune"
"862","Palicourea_marcgravii","Palicourea","Rubiaceae","","","bind"
"863","Neoregelia_bahiana","Neoregelia","Bromeliaceae","","","bind"
"864","Cuphea_ericoides","Cuphea","Lythraceae","","","bind"
"865","Hippeastrum_aulicum","Hippeastrum","Amaryllidaceae","","","prune"
"866","Aechmea_bromeliifolia","Aechmea","Bromeliaceae","","","prune"
"867","Gaylussacia_virgata","Gaylussacia","Ericaceae","","","prune"
"868","Periandra_mediterranea","Periandra","Fabaceae","","","prune"
"869","Prestonia_coalita","Prestonia","Apocynaceae","","","prune"
"870","Pyrostegia_venusta","Pyrostegia","Bignoniaceae","","","prune"
"871","Zeyheria_montana","Zeyheria","Bignoniaceae","","","prune"
"872","Vriesea_carinata","Vriesea","Bromeliaceae","","","prune"
"873","Vriesea_ensiformis","Vriesea","Bromeliaceae","","","prune"
"874","Palicourea_guianensis","Palicourea","Rubiaceae","","","prune"
"875","Salvia_circinnata","Salvia","Lamiaceae","","","bind"
"876","Salvia_microphylla","Salvia","Lamiaceae","","","bind"
"877","Silene_laciniata","Silene","Caryophyllaceae","","","prune"
"878","Bouvardia_ternifolia","Bouvardia","Rubiaceae","","","prune"
"879","Bowdichia_virgilioides","Bowdichia","Fabaceae","","","prune"
"880","Qualea_parviflora","Qualea","Vochysiaceae","","","bind"
"881","Styrax_ferrugineus","Styrax","Styracaceae","","","prune"
"882","Palicourea_rigida","Palicourea","Rubiaceae","","","bind"
"883","Qualea_multiflora","Qualea","Vochysiaceae","","","bind"
"884","Caryocar_brasiliense","Caryocar","Caryocaraceae","","","bind"
"885","Qualea_grandiflora","Qualea","Vochysiaceae","","","prune"
"886","Salvertia_convallariodora","Salvertia","Vochysiaceae","","","bind"
"887","Tabebuia_aurea","Tabebuia","Bignoniaceae","","","bind"
"888","Eriotheca_gracilipes","Eriotheca","Malvaceae","","","prune"
"889","Vochysia_rufa","Vochysia","Vochysiaceae","","","bind"
"890","Vochysia_cinnamomea","Vochysia","Vochysiaceae","","","bind"
"891","Gaylussacia_brasiliensis","Gaylussacia","Ericaceae","","","prune"
"892","Esterhazya_splendida","Esterhazya","Orobanchaceae","","","bind"
"893","Sinningia_elatior","Sinningia","Gesneriaceae","","","prune"
"894","Bauhinia_rufa","Bauhinia","Fabaceae","","","prune"
"895","Bauhinia_ungulata","Bauhinia","Fabaceae","","","prune"
"896","Dyckia_leptostachya","Dyckia","Bromeliaceae","","","prune"
"897","Ruellia_brevifolia","Ruellia","Acanthaceae","","","prune"
"898","Aphelandra_longiflora","Aphelandra","Acanthaceae","","","bind"
"899","Bauhinia_brevipes","Bauhinia","Fabaceae","","","bind"
"900","Helicteres_brevispira","Helicteres","Malvaceae","","","bind"
"901","Vochysia_tucanorum","Vochysia","Vochysiaceae","","","prune"
"902","Agarista_coriifolia","Agarista","Ericaceae","","","bind"
"903","Eremanthus_erythropappus","Eremanthus","Asteraceae","","","prune"
"904","Stachytarpheta_glabra","Stachytarpheta","Verbenaceae","","","bind"
"905","Paliavana_sericiflora","Paliavana","Gesneriaceae","","","prune"
"906","Tillandsia_gardneri","Tillandsia","Bromeliaceae","","","bind"
"907","Billbergia_vittata","Billbergia","Bromeliaceae","","","bind"
"908","Billbergia_amoena","Billbergia","Bromeliaceae","","","prune"
"909","Agalinis_angustifolia","Agalinis","Orobanchaceae","","","bind"
"910","Barbacenia_flava","Barbacenia","Velloziaceae","","","prune"
"911","Cipocereus_minensis","Cipocereus","Cactaceae","","","prune"
"912","Encholirium_subsecundum","Encholirium","Bromeliaceae","","","bind"
"913","Lobelia_fistulosa","Lobelia","Campanulaceae","","","prune"
"914","Cuspidaria_lateriflora","Cuspidaria","Bignoniaceae","","","bind"
"915","Vitex_cymosa","Vitex","Lamiaceae","","","bind"
"916","Bromelia_balansae","Bromelia","Bromeliaceae","","","prune"
"917","Cerradicola_elliptica","Cerradicola","Fabaceae","","","bind"
"918","Mutisia_speciosa","Mutisia","Asteraceae","","","prune"
"919","Mendoncia_coccinea","Mendoncia","Acanthaceae","","","bind"
"920","Heliconia_angusta","Heliconia","Heliconiaceae","","","prune"
"921","Fridericia_speciosa","Fridericia","Bignoniaceae","","","bind"
"922","Tillandsia_stricta","Tillandsia","Bromeliaceae","","","prune"
"923","Cylindropuntia_imbricata","Cylindropuntia","Cactaceae","","","prune"
"924","Nematanthus_fornix","Nematanthus","Gesneriaceae","","","prune"
"925","Fuchsia_regia","Fuchsia","Onagraceae","","","bind"
"926","Billbergia_distachya","Billbergia","Bromeliaceae","","","prune"
"927","Aechmea_van-houtteana","Aechmea","Bromeliaceae","","","prune"
"928","Siphocampylus_longipedunculatus","Siphocampylus","Campanulaceae","","","bind"
"929","Sinningia_cooperi","Sinningia","Gesneriaceae","","","prune"
"930","Bomarea_edulis","Bomarea","Alstroemeriaceae","","","prune"
"931","Salvia_sellowiana","Salvia","Lamiaceae","","","bind"
"932","Aechmea_distichantha","Aechmea","Bromeliaceae","","","prune"
"933","Alstroemeria_inodora","Alstroemeria","Alstroemeriaceae","","","prune"
"934","Buddleja_stachyoides","Buddleja","Scrophulariaceae","","","bind"
"935","Wittrockia_cyathiformis","Wittrockia","Bromeliaceae","","","bind"
"936","Sinningia_douglasii","Sinningia","Gesneriaceae","","","prune"
"937","Betencourtia_scarlatina","Betencourtia","Fabaceae","","","bind"
"938","Collaea_speciosa","Collaea","Fabaceae","","","bind"
"939","Nidularium_marigoi","Nidularium","Bromeliaceae","","","bind"
"940","Siphocampylus_sulfureus","Siphocampylus","Campanulaceae","","","bind"
"941","Canna_paniculata","Canna","Cannaceae","","","prune"
"942","Besleria_longimucronata","Besleria","Gesneriaceae","","","bind"
"943","Tillandsia_geminiflora","Tillandsia","Bromeliaceae","","","prune"
"944","Nidularium_innocentii","Nidularium","Bromeliaceae","","","prune"
"945","Nematanthus_fluminensis","Nematanthus","Gesneriaceae","","","prune"
"946","Psittacanthus_dichrous","Psittacanthus","Loranthaceae","","","bind"
"947","Nidularium_procerum","Nidularium","Bromeliaceae","","","prune"
"948","Nematanthus_gregarius","Nematanthus","Gesneriaceae","","","prune"
"949","Vriesea_incurvata","Vriesea","Bromeliaceae","","","prune"
"950","Nematanthus_fritschii","Nematanthus","Gesneriaceae","","","prune"
"951","Hohenbergia_augusta","Hohenbergia","Bromeliaceae","","","bind"
"952","Spirotheca_rivieri","Spirotheca","Malvaceae","","","bind"
"953","Aechmea_organensis","Aechmea","Bromeliaceae","","","prune"
"954","Vriesea_erythrodactylon","Vriesea","Bromeliaceae","","","prune"
"955","Justicia_brasiliana","Justicia","Acanthaceae","","","bind"
"956","Callianthe_rufinerva","Callianthe","Malvaceae","","","bind"
"957","Nematanthus_sericeus","Nematanthus","Gesneriaceae","","","prune"
"958","Inga_marginata","Inga","Fabaceae","","","bind"
"959","Psychotria_nuda","Psychotria","Rubiaceae","","","bind"
"960","Vriesea_rodigasiana","Vriesea","Bromeliaceae","","","bind"
"961","Dahlstedtia_pinnata","Dahlstedtia","Fabaceae","","","prune"
"962","Heliconia_farinosa","Heliconia","Heliconiaceae","","","bind"
"963","Neoregelia_johannis","Neoregelia","Bromeliaceae","","","bind"
"964","Sabicea_grisea","Sabicea","Rubiaceae","","","bind"
"965","Heliconia_spathocircinata","Heliconia","Heliconiaceae","","","bind"
"966","Stachytarpheta_cayennensis","Stachytarpheta","Verbenaceae","","","prune"
"967","Iochroma_arborescens","Iochroma","Solanaceae","","","bind"
"968","Canistropsis_seidelii","Canistropsis","Bromeliaceae","","","bind"
"969","Justicia_carnea","Justicia","Acanthaceae","","","bind"
"970","Aechmea_pectinata","Aechmea","Bromeliaceae","","","prune"
"971","Schwartzia_brasiliensis","Schwartzia","Marcgraviaceae","","","bind"
"972","Eriotheca_pentaphylla","Eriotheca","Malvaceae","","","prune"
"973","Inga_edulis","Inga","Fabaceae","","","prune"
"974","Hibiscus_tiliaceus","Hibiscus","Malvaceae","","","bind"
"975","Billbergia_pyramidalis","Billbergia","Bromeliaceae","","","prune"
"976","Aechmea_coelestis","Aechmea","Bromeliaceae","","","prune"
"977","Bromelia_antiacantha","Bromelia","Bromeliaceae","","","prune"
"978","Nematanthus_fissus","Nematanthus","Gesneriaceae","","","prune"
"979","Vriesea_vagans","Vriesea","Bromeliaceae","","","prune"
"980","Vriesea_philippocoburgii","Vriesea","Bromeliaceae","","","bind"
"981","Quesnelia_arvensis","Quesnelia","Bromeliaceae","","","prune"
"982","Quesnelia_humilis","Quesnelia","Bromeliaceae","","","bind"
"983","Vriesea_flammea","Vriesea","Bromeliaceae","","","bind"
"984","Castilleja_tenuiflora","Castilleja","Orobanchaceae","","","bind"
"985","Penstemon_barbatus","Penstemon","Plantaginaceae","","","prune"
"986","Loeselia_mexicana","Loeselia","Polemoniaceae","","","prune"
"987","Psychotria_suterella","Psychotria","Rubiaceae","","","bind"
"988","Schizolobium_parahyba","Schizolobium","Fabaceae","","","prune"
"989","Aegiphila_obducta","Aegiphila","Lamiaceae","","","bind"
"990","Vriesea_altodaserrae","Vriesea","Bromeliaceae","","","bind"
"991","Nematanthus_australis","Nematanthus","Gesneriaceae","","","prune"
"992","Ipomoea_murucoides","Ipomoea","Convolvulaceae","","","bind"
"993","Opuntia_tomentosa","Opuntia","Cactaceae","","","prune"
"994","Dianthera_candicans","Dianthera","Acanthaceae","","","bind"
"995","Burmeistera_multiflora","Burmeistera","Campanulaceae","","","bind"
"996","Columnea_mastersonii","Columnea","Gesneriaceae","","","bind"
"997","Columnea_picta","Columnea","Gesneriaceae","","","bind"
"998","Drymonia_tenuis","Drymonia","Gesneriaceae","","","bind"
"999","Drymonia_teuscheri","Drymonia","Gesneriaceae","","","bind"
"1000","Gasteranthus_quitensis","Gasteranthus","Gesneriaceae","","","prune"
"1001","Guzmania_amplectens","Guzmania","Bromeliaceae","","","bind"
"1002","Heliconia_impudica","Heliconia","Heliconiaceae","","","bind"
"1003","Gasteranthus_pansamalanus","Gasteranthus","Gesneriaceae","","","bind"
"1004","Cipuropsis_capituligera","Cipuropsis","Bromeliaceae","","","bind"
"1005","Palicourea_cuatrecasasii","Palicourea","Rubiaceae","","","bind"
"1006","Meriania_tomentosa","Meriania","Melastomataceae","","","prune"
"1007","Arachnothryx_gonzaleoides","Arachnothryx","Rubiaceae","","","bind"
"1008","Erythrina_chiapasana","Erythrina","Fabaceae","","","bind"
"1009","Ipomoea_tricolor","Ipomoea","Convolvulaceae","","","bind"
"1010","Russelia_sarmentosa","Russelia","Plantaginaceae","","","bind"
"1011","Serjania_mexicana","Serjania","Sapindaceae","","","bind"
"1012","Triplaris_americana","Triplaris","Polygonaceae","","","prune"
"1013","Salvia_tonalensis","Salvia","Lamiaceae","","","bind"
"1014","Fuchsia_paniculata","Fuchsia","Onagraceae","","","prune"
"1015","Wigandia_urens","Wigandia","Boraginaceae","","","prune"
"1016","Heliconia_adflexa","Heliconia","Heliconiaceae","","","bind"
"1017","Rovaeanthus_strigosus","Rovaeanthus","Rubiaceae","","","prune"
"1018","Saurauia_scabrida","Saurauia","Actinidiaceae","","","prune"
"1019","Tillandsia_guatemalensis","Tillandsia","Bromeliaceae","","","prune"
"1020","Palicourea_padifolia","Palicourea","Rubiaceae","","","bind"
"1021","Tillandsia_deppeana","Tillandsia","Bromeliaceae","","","bind"
"1022","Lobelia_laxiflora","Lobelia","Campanulaceae","","","prune"
"1023","Moussonia_deppeana","Moussonia","Gesneriaceae","","","prune"
"1024","Hamelia_patens","Hamelia","Rubiaceae","","","prune"
"1025","Ernodea_littoralis","Ernodea","Rubiaceae","","","prune"
"1026","Notopleura_parasitica","Notopleura","Rubiaceae","","","bind"
"1027","Ruellia_simplex","Ruellia","Acanthaceae","","","prune"
"1028","Crantzia_cristata","Crantzia","Gesneriaceae","","","bind"
"1029","Heliconia_caribaea","Heliconia","Heliconiaceae","","","prune"
"1030","Besleria_lutea","Besleria","Gesneriaceae","","","bind"
